txn_id,order_id,amount_paise,timestamp
TXN000001,ORD0001,1062600,2025-01-23T14:50:25+00:00
TXN000002,ORD0002,55900,2025-05-25T23:52:32+00:00
TXN000003,ORD0003,465600,2025-02-18T13:16:43+00:00
TXN000004,ORD0004,380700,2025-01-29T02:17:37+00:00
TXN000005,ORD0005,1221600,2025-01-21T21:39:43+00:00
TXN000006,ORD0006,1123700,2025-05-25T19:45:42+00:00
TXN000007,ORD0007,1476700,2025-04-17T21:35:32+00:00
TXN000008,ORD0008,157400,2025-04-26T15:53:40+00:00
TXN000009,ORD0009,706200,2025-01-08T04:07:04+00:00
TXN000010,ORD0010,63800,2025-01-20T04:39:05+00:00
TXN000011,ORD0011,373200,2025-02-16T04:16:42+00:00
TXN000012,ORD0012,842900,2025-04-28T21:36:38+00:00
TXN000013,ORD0013,58400,2025-04-20T23:35:29+00:00
TXN000014,ORD0014,340700,2025-05-21T00:53:35+00:00
TXN000015,ORD0015,1079700,2025-05-18T04:24:40+00:00
TXN000016,ORD0016,907800,2025-03-24T11:06:14+00:00
TXN000017,ORD0017,376100,2025-03-30T05:27:57+00:00
TXN000018,ORD0018,980400,2025-02-25T00:27:45+00:00
TXN000019,ORD0019,1341100,2025-06-19T19:13:59+00:00
TXN000020,ORD0020,25600,2025-05-29T08:17:55+00:00
TXN000021,ORD0021,1335200,2025-02-02T00:03:58+00:00
TXN000022,ORD0022,1158800,2025-03-25T01:31:33+00:00
TXN000023,ORD0023,572400,2025-02-24T22:58:27+00:00
TXN000024,ORD0024,269700,2025-02-12T19:26:05+00:00
TXN000025,ORD0025,1265900,2025-03-08T08:38:39+00:00
TXN000026,ORD0026,182400,2025-01-20T00:13:37+00:00
TXN000027,ORD0027,637400,2025-01-20T18:43:51+00:00
TXN000028,ORD0028,603100,2025-06-15T13:36:36+00:00
TXN000029,ORD0029,578500,2025-04-29T05:34:02+00:00
TXN000030,ORD0030,448300,2025-06-07T17:29:25+00:00
TXN000031,ORD0031,86100,2025-05-23T16:47:47+00:00
TXN000032,ORD0032,767700,2025-04-16T03:00:14+00:00
TXN000033,ORD0033,219500,2025-06-30T02:12:28+00:00
TXN000034,ORD0034,635100,2025-01-17T07:14:07+00:00
TXN000035,ORD0035,919400,2025-02-27T22:18:35+00:00
TXN000036,ORD0036,1373800,2025-05-04T01:40:25+00:00
TXN000037,ORD0037,1028300,2025-06-22T22:30:15+00:00
TXN000038,ORD0038,1426800,2025-03-13T05:20:28+00:00
TXN000039,ORD0039,960900,2025-02-08T08:07:47+00:00
TXN000040,ORD0040,1169300,2025-01-15T12:09:01+00:00
TXN000041,ORD0041,90000,2025-05-10T09:42:37+00:00
TXN000042,ORD0042,388300,2025-06-01T02:45:34+00:00
TXN000043,ORD0043,489100,2025-01-17T11:51:27+00:00
TXN000044,ORD0044,1416300,2025-02-16T04:53:02+00:00
TXN000045,ORD0045,1434600,2025-01-21T14:42:02+00:00
TXN000046,ORD0046,637700,2025-02-24T23:27:03+00:00
TXN000047,ORD0047,757800,2025-05-05T10:30:15+00:00
TXN000048,ORD0048,1381600,2025-03-13T20:14:28+00:00
TXN000049,ORD0049,281400,2025-03-14T21:10:06+00:00
TXN000050,ORD0050,597000,2025-02-11T16:22:24+00:00
TXN000051,ORD0051,1113000,2025-02-22T20:12:24+00:00
TXN000052,ORD0052,1164800,2025-05-14T17:33:46+00:00
TXN000053,ORD0053,1076700,2025-01-15T20:45:35+00:00
TXN000054,ORD0054,1013000,2025-05-05T07:12:47+00:00
TXN000055,ORD0055,295300,2025-04-15T17:16:20+00:00
TXN000056,ORD0056,1209600,2025-02-18T12:54:05+00:00
TXN000057,ORD0057,282700,2025-04-01T18:17:19+00:00
TXN000058,ORD0058,636600,2025-02-23T10:02:52+00:00
TXN000059,ORD0059,1063500,2025-05-15T15:04:01+00:00
TXN000060,ORD0060,927500,2025-02-13T15:28:51+00:00
TXN000061,ORD0061,1136600,2025-03-05T23:16:01+00:00
TXN000062,ORD0062,1395900,2025-05-31T04:36:02+00:00
TXN000063,ORD0063,1286300,2025-01-12T20:41:23+00:00
TXN000064,ORD0064,390200,2025-06-10T13:52:39+00:00
TXN000065,ORD0065,67500,2025-06-07T07:47:07+00:00
TXN000066,ORD0066,528952,2025-03-20T21:33:48+00:00
TXN000067,ORD0067,353800,2025-06-28T07:31:21+00:00
TXN000068,ORD0068,1441669,2025-05-21T09:43:22+00:00
TXN000069,ORD0069,1080185,2025-04-08T22:35:10+00:00
TXN000070,ORD0070,1065148,2025-04-01T02:24:16+00:00
TXN000071,ORD0071,240069,2025-02-18T21:22:02+00:00
TXN000072,ORD0072,884584,2025-02-22T00:27:52+00:00
TXN000073,ORD0073,708533,2025-06-25T08:09:28+00:00
TXN000074,ORD0074,595873,2025-02-13T14:06:31+00:00
TXN000075,ORD0075,239215,2025-04-10T22:33:52+00:00
TXN000076,ORD0076,1231617,2025-01-11T03:34:41+00:00
TXN000077,ORD0077,264551,2025-05-03T20:06:37+00:00
TXN000078,ORD0078,1116422,2025-03-24T23:24:28+00:00
TXN000079,ORD0079,637708,2025-03-17T02:28:29+00:00
TXN000080,ORD0080,777869,2025-04-14T17:51:05+00:00
TXN000081,ORD0081,904033,2025-06-18T03:31:26+00:00
TXN000082,ORD0082,1126912,2025-05-21T22:48:25+00:00
TXN000083,ORD0083,1464600,2025-04-16T08:27:47+00:00
TXN000084,ORD0084,1245200,2025-02-22T21:29:43+00:00
TXN000085,ORD0085,1274200,2025-05-06T13:05:54+00:00
TXN000086,ORD0086,572300,2025-01-23T17:52:14+00:00
TXN000087,ORD0087,495800,2025-03-27T12:09:10+00:00
TXN000088,ORD0088,274100,2025-03-31T04:30:20+00:00
TXN000089,ORD0089,20300,2025-05-22T07:11:34+00:00
TXN000090,ORD0090,1449900,2025-05-21T19:57:18+00:00
TXN000091,ORD0091,446500,2025-04-09T06:54:01+00:00
TXN000092,ORD0092,1263300,2025-02-05T18:34:41+00:00
TXN000093,ORD0093,846700,2025-06-28T05:09:14+00:00
TXN000094,ORD0094,994400,2025-02-28T22:51:12+00:00
TXN000095,ORD0095,846700,2025-04-30T06:00:24+00:00
TXN000096,ORD0096,627600,2025-05-30T01:33:28+00:00
TXN000097,ORD0097,1245700,2025-06-30T02:51:15+00:00
TXN000098,ORD0098,15900,2025-04-28T07:17:02+00:00
TXN000099,ORD0099,1900,2025-01-23T17:20:28+00:00
TXN000100,ORD0100,1409600,2025-06-12T11:50:32+00:00
